department,Average_Work_Hours,Average_Productivity,Average_Quality,Total_Completed
Finance,7.9,2.189936170212766,83.8,86
HR,8.013888888888888,2.4312463362104904,88.66666666666667,117
IT,8.625,2.883168220668221,94.16666666666667,150
Marketing,8.083333333333334,2.1939811362140818,84.75,71
Operations,8.208333333333332,2.8958987441130297,94.0,95
Sales,8.033333333333335,1.4917639795538526,75.6,60
