department,productivity_score
Sales,1.4917639795538526
Finance,2.189936170212766
Marketing,2.1939811362140818
HR,2.4312463362104904
IT,2.883168220668221
Operations,2.8958987441130297
